region;language;types;count
JP;en;working;83
TH;en;\N;110
FI;fi;\N;4
IL;ar;alternative;3
AE;\N;\N;1426
NG;\N;imdbDisplay;1
MD;\N;alternative;2
US;\N;alternative;16934
\N;\N;dvd;63
JP;\N;working;338
UY;\N;imdbDisplay;953
CSHH;cs;alternative;17
YUCS;qbo;imdbDisplay;4
CA;en;festival;265
ES;gl;\N;88
GB;\N;videoworking;2
DDDE;\N;festival;7
ES;eu;festival;5
ZA;st;\N;1
CZ;\N;festival;211
ID;id;video;3
GR;\N;working;42
BO;\N;dvd;1
XWW;\N;original;1
DK;en;working;1
CSHH;sk;imdbDisplay;325
BE;de;imdbDisplay;18
CH;gsw;imdbDisplay;19
CO;es;imdbDisplay;5
RU;\N;video;102
CZ;\N;video;19
KR;\N;dvd;14
IE;ga;working;6
XSA;\N;imdbDisplay;1
SG;cmn;working;1
ES;qbp;imdbDisplay;332
DK;\N;dvd;259
CA;fr;working;161
JM;en;working;2
GL;\N;video;1
PY;es;video;1
YUCS;sr;working;2
XWG;\N;video;1069
JP;en;imdbDisplay;2437
RU;\N;dvd;14
DO;\N;imdbDisplay;32
US;es;working;7
BE;fr;video;74
PA;es;imdbDisplay;1
IN;te;alternative;107
IR;en;working;1
TN;ar;video;1
FI;sv;\N;2030
TR;tr;\N;2771
FI;\N;dvd;623
CH;de;\N;334
CH;de;imdbDisplay;213
EE;\N;dvd;18
IN;mr;imdbDisplay;56
EG;en;video;1
SUHH;ru;festival;2
SH;\N;\N;2
LU;fr;festival;1
XEU;en;imdbDisplay;538
XWW;es;\N;203
AU;\N;working;566
RS;\N;\N;3089
PR;\N;imdbDisplay;23
MA;fr;\N;12
IN;bn;imdbDisplay;114
VE;es;imdbDisplay;4
IN;en;dvd;2
VC;\N;\N;8
BF;\N;alternative;3
XWW;es;working;6
ZM;en;working;1
CH;\N;imdbDisplay;1
RU;ru;alternative;1
US;es;festival;1
CL;cmn;imdbDisplay;1
HR;\N;alternative;139
SE;\N;tv;416
JP;ja;video;57
GL;\N;imdbDisplay;10
DZ;\N;\N;345
HR;\N;video;8
NP;\N;imdbDisplay;10
NU;\N;\N;1
FR;\N;working;1647
GB;\N;video;656
US;yi;imdbDisplay;2
PT;\N;tv;98
KG;\N;\N;112
UZ;\N;\N;130
CSHH;cs;festival;7
SG;en;video;1
CA;\N;festival;1
CR;es;\N;1
US;\N;imdbDisplay;64053
AR;\N;\N;32794
FR;\N;dvd;1446
AT;\N;working;113
CH;gsw;working;1
IT;it;\N;2780629
\N;\N;tv;19
XEU;\N;festival;17
SUHH;hy;alternative;4
NZ;\N;festival;1
SI;sl;working;2
BR;\N;original;1
HU;\N;imdbDisplay;45811
NL;\N;\N;29965
IN;ta;imdbDisplay;212
IT;\N;tvvideo;1
LI;\N;imdbDisplay;12
BUMM;my;imdbDisplay;1
ZA;en;video;9
GW;\N;\N;14
UA;uk;imdbDisplay;4
CV;\N;\N;18
SB;\N;\N;4
AE;en;working;1
CZ;\N;\N;8223
IN;en;alternative;184
ZA;af;\N;44
LU;\N;\N;539
US;\N;tvvideo;4
TR;tr;dvdimdbDisplay;245
NZ;en;working;30
GR;en;imdbDisplay;2
PH;es;\N;9
VN;vi;imdbDisplay;1
CH;de;alternative;74
BR;\N;festival;809
PH;tl;\N;640
CH;en;video;3
RS;\N;video;3
CZ;\N;working;69
IN;pa;imdbDisplay;1
LK;ta;imdbDisplay;1
IE;en;dvd;2
SG;cmn;tv;1
XWW;es;alternative;133
JP;ja;alternative;805
FR;fr;alternative;5
ID;id;dvd;1
SUHH;ru;video;4
CN;en;\N;3
PK;pa;imdbDisplay;5
BR;\N;imdbDisplay;51399
JP;en;alternative;1210
MY;ms;imdbDisplay;83
DZ;fr;\N;13
HK;en;alternative;472
XEU;\N;video;7
CH;gsw;alternative;13
ZRCD;\N;\N;5
CSXX;\N;\N;115
PK;ur;alternative;9
AW;\N;imdbDisplay;1
PH;en;\N;1441
PY;es;imdbDisplay;23
XWW;la;\N;32
TR;\N;\N;14845
PR;\N;alternative;27
MG;\N;\N;42
PR;\N;festival;1
EH;\N;\N;2
TR;en;imdbDisplay;1
DE;\N;alternative;3498
GR;\N;festival;2473
XWG;\N;working;567
TN;fr;imdbDisplay;502
HK;\N;\N;4221
KG;\N;imdbDisplay;17
BA;hr;working;3
DO;\N;working;51
SK;sk;\N;1
PL;\N;imdbDisplay;44315
GB;fr;\N;1
CN;yue;\N;63
BA;sr;imdbDisplay;106
IN;hi;working;89
BE;\N;festival;3
CA;\N;alternative;3
US;es;imdbDisplay;50
IN;\N;imdbDisplay;26
JP;\N;tv;42
CI;\N;\N;103
ET;\N;\N;116
XEU;en;dvd;54
PY;\N;\N;260
DDDE;\N;dvd;1
YUCS;sr;alternative;1
SA;\N;\N;398
MW;\N;\N;22
PA;\N;festival;1
VU;\N;\N;6
GB;en;dvd;2
JP;ja;imdbDisplay;68950
AZ;\N;imdbDisplay;303
JP;en;tv;5
IS;\N;alternative;21
YUCS;\N;\N;639
NG;en;working;2
XWW;la;working;3
TN;fr;working;1
FI;sv;working;25
CN;cmn;tv;126
IL;\N;\N;3503
CSHH;cs;video;3
AF;\N;imdbDisplay;3
BA;hr;festival;6
IN;gu;alternative;4
KZ;kk;imdbDisplay;1
ES;\N;dvd;802
US;\N;working;19826
PH;en;imdbDisplay;408
ES;ca;working;9
LB;fr;imdbDisplay;68
RS;sr;tv;1
EG;en;festival;1
MA;ar;alternative;5
NO;en;imdbDisplay;4
CA;\N;working;6
NP;ne;imdbDisplay;1
CA;en;imdbDisplay;33350
HK;cmn;imdbDisplay;2692
TR;tr;working;50
XYU;sr;video;3
GE;\N;video;2
IN;en;tv;2
SN;wo;imdbDisplay;2
DE;en;alternative;1
NO;\N;\N;13168
IT;\N;dvd;536
SK;\N;alternative;97
ES;\N;working;505
IN;bn;\N;89
HR;\N;tv;31
BE;qbn;festival;3
ES;qbp;working;6
RO;en;alternative;1
BE;qbn;imdbDisplay;2030
RO;\N;alternative;529
CL;es;\N;4
AR;\N;working;148
NL;\N;tv;56
BO;\N;\N;467
EC;\N;alternative;12
SG;en;alternative;139
TM;\N;alternative;2
SI;\N;imdbDisplay;5927
PE;\N;\N;2223
IL;he;alternative;180
FR;fr;imdbDisplay;61
CH;de;dvd;32
JM;en;video;1
KZ;\N;working;2
BO;es;\N;1
ES;\N;alternative;2055
PE;\N;video;6
IN;ur;alternative;5
IN;ta;working;58
HN;\N;\N;115
EG;en;tv;2
BG;en;imdbDisplay;1
BD;en;festival;1
XWW;en;alternative;12249
XSA;es;alternative;16
UY;es;\N;6
HR;hr;imdbDisplay;3
SUHH;az;imdbDisplay;52
PL;\N;working;111
XYU;hr;\N;52
MT;\N;\N;332
CO;\N;dvd;7
CSHH;\N;tv;1
US;cr;working;1
JE;\N;\N;1
\N;\N;alternative;1930
XWG;de;imdbDisplay;4
GE;\N;tv;2
SG;en;imdbDisplay;221
CL;\N;festival;77
MX;es;alternative;2
NA;\N;\N;95
XWW;es;tv;1
SD;su;\N;1
IN;mr;alternative;5
US;en;alternative;32
CH;en;festival;7
IN;en;working;80
CH;en;alternative;23
SUHH;lt;\N;1
XAS;en;working;6
LI;\N;alternative;1
CA;fr;alternative;499
US;es;tv;4
IE;en;festival;5
BY;be;imdbDisplay;1
SG;cmn;dvd;1
GB;\N;imdbDisplay;81447
CO;\N;imdbDisplay;2844
XWW;en;tv;51
AR;\N;festival;955
NZ;en;\N;156
KR;\N;\N;13402
XEU;en;working;45
HK;cmn;video;33
IR;fa;working;39
XYU;sr;dvd;1
XAS;en;festival;7
LV;\N;tv;1
KY;\N;\N;39
RS;en;imdbDisplay;1
ET;en;working;1
BE;nl;working;1
RU;\N;imdbDisplay;60489
SE;\N;alternative;792
DDDE;\N;imdbDisplay;1497
TR;tr;tv;74
BA;sr;alternative;8
KE;\N;\N;471
RE;\N;\N;21
DK;\N;working;274
SUHH;ka;\N;34
ID;en;\N;92
HK;en;imdbDisplay;2548
SG;en;festival;12
SUHH;tg;\N;1
IR;en;\N;1
TH;en;video;2
BR;pt;\N;20
XWG;\N;alternative;827
VE;\N;alternative;44
SUHH;hy;\N;15
SG;ms;imdbDisplay;5
KZ;\N;imdbDisplay;83
TW;\N;video;16
AM;\N;alternative;5
SUHH;en;\N;4
SI;\N;alternative;106
EC;\N;\N;713
LA;\N;\N;72
IN;ml;alternative;30
TN;ar;alternative;22
KM;\N;\N;5
PE;\N;imdbDisplay;4376
CU;\N;\N;2063
TW;en;imdbDisplay;10
HU;\N;\N;17648
CA;\N;\N;91151
CA;en;alternative;468
CO;\N;alternative;119
GR;el;alternative;2
CR;\N;imdbDisplay;40
XAS;en;alternative;61
MZ;pt;\N;3
BE;en;alternative;54
GB;cy;tv;1
BZ;en;\N;1
KH;\N;imdbDisplay;2
FI;sv;tv;441
XYU;hr;imdbDisplay;1113
SUHH;lt;imdbDisplay;12
CL;\N;tv;5
HK;cmn;working;43
CSHH;\N;video;4
YUCS;sr;\N;11
AL;sq;imdbDisplay;1
NL;en;alternative;1
MD;\N;working;1
NZ;mi;\N;3
BD;bn;\N;33
CN;cmn;festival;680
NO;\N;tv;152
EG;en;alternative;85
ES;es;tv;1
PH;tl;working;107
MD;\N;imdbDisplay;50
ZA;en;festival;4
IS;\N;dvd;2
ME;\N;\N;115
BG;bg;festival;6
;;;1
US;\N;\N;1014544
UA;\N;working;52
CH;en;working;11
IS;is;imdbDisplay;2
PH;tl;tv;2
XWW;\N;festival;18
SUHH;be;alternative;1
CSHH;sk;working;1
PL;pl;\N;1
DK;da;\N;2
GB;en;alternative;6
IL;en;\N;201
BE;\N;working;30
XAS;en;imdbDisplay;131
MY;\N;\N;2125
HK;yue;dvd;3
CH;it;dvd;1
VE;\N;festival;5
ES;ca;alternative;187
EE;\N;imdbDisplay;3067
ES;gl;imdbDisplay;39
JP;\N;video;195
TH;\N;\N;2259
AR;es;working;1
VE;\N;dvd;11
LK;\N;imdbDisplay;15
TR;\N;imdbDisplay;3
FI;\N;video;1045
JP;\N;dvd;463
CZ;\N;tv;41
XEU;\N;tv;2
SK;\N;tv;5
IN;\N;alternative;3
DE;en;\N;2
SG;en;dvd;13
PH;en;dvd;4
ZA;zu;imdbDisplay;6
XWW;de;dvd;1
BB;\N;\N;48
FI;\N;alternative;1533
XYU;sr;imdbDisplay;1570
DE;\N;dvd;4009
UA;\N;festival;27
NZ;en;alternative;25
LB;fr;\N;4
IN;ml;\N;563
VE;\N;video;12
BD;en;imdbDisplay;25
SK;\N;video;1
GB;en;working;16
AF;de;\N;1
TR;tr;imdbDisplay;15806
XYU;sr;\N;2383
EE;\N;tv;91
MZ;pt;tv;1
IL;ar;\N;7
MY;en;working;7
CU;\N;tv;3
IM;\N;\N;39
BE;\N;dvd;2
ZA;\N;\N;5354
HK;yue;\N;2507
MU;\N;\N;83
RO;\N;dvd;9
CO;\N;working;24
AG;\N;\N;19
TJ;tg;imdbDisplay;1
ZA;st;working;1
DZ;fr;imdbDisplay;379
VN;\N;imdbDisplay;3847
HU;\N;working;110
XEU;en;festival;671
BE;qbn;dvd;5
TW;\N;dvd;23
NO;\N;working;69
PH;en;working;93
IN;gu;\N;24
BE;fr;working;29
JP;\N;\N;89119
SUHH;ka;imdbDisplay;6
DDDE;de;\N;2
RO;en;working;2
DZ;fr;alternative;4
XWW;cmn;\N;1
BE;fr;\N;3720
FI;sv;festival;12
MX;\N;working;242
BA;bs;\N;35
GA;\N;\N;34
CY;\N;\N;792
CH;fr;tv;8
EE;et;\N;2
TJ;\N;imdbDisplay;4
XKO;\N;imdbDisplay;18
LT;\N;festival;9
AN;\N;\N;33
US;myv;working;1
ES;gl;festival;1
GB;\N;tv;343
BR;\N;working;248
CH;fr;festival;50
BO;\N;alternative;2
PG;\N;\N;21
TR;tr;alternativevideo;2
TL;\N;\N;16
LK;sd;imdbDisplay;1
AQ;\N;\N;6
SUHH;ru;alternative;379
PT;pt;imdbDisplay;14
XEU;\N;working;8
GI;\N;\N;128
IN;kn;\N;40
IR;ku;\N;1
IN;\N;\N;55251
CL;\N;\N;4792
BE;en;\N;418
BE;fr;alternative;101
ES;ca;video;4
IR;en;imdbDisplay;3
TW;\N;alternative;332
SM;\N;\N;206
FM;\N;\N;1
JP;\N;imdbDisplay;4802
BJ;fr;imdbDisplay;36
IN;ml;imdbDisplay;120
FR;en;\N;2
ES;ca;dvd;1
AT;de;imdbDisplay;4
UY;\N;festival;44
NP;\N;\N;918
DE;\N;dvdimdbDisplay;2
SUHH;et;alternative;2
GB;\N;dvdimdbDisplay;1
EE;et;alternative;1
GE;\N;festival;2
LB;ar;working;2
GB;\N;dvd;1108
CH;en;\N;40
TH;th;alternative;30
EG;ar;working;19
KR;en;imdbDisplay;2
NO;en;working;1
XNA;en;\N;1
US;haw;imdbDisplay;1
AF;en;\N;1
XWW;\N;imdbDisplay;374
CSHH;cs;imdbDisplay;592
IE;en;alternative;33
PE;\N;tv;85
HU;\N;video;108
IT;en;alternative;1
CK;\N;\N;4
XSA;es;imdbDisplay;60
HU;\N;tv;691
US;\N;videoworking;3
TW;\N;festival;9
GB;cy;alternative;7
XWW;fr;\N;4
PK;sd;imdbDisplay;1
XWW;zh;working;1
IN;en;\N;2146
MX;\N;alternative;1049
RS;\N;tv;42
LT;\N;alternative;64
BD;bn;alternative;45
MQ;\N;\N;39
SE;sv;dvd;1
BA;qbo;working;2
IE;ga;tv;1
CA;fr;\N;6720
SUHH;hy;imdbDisplay;3
ZA;en;\N;187
MX;es;working;2
XAS;en;\N;167
GB;\N;festivalworking;1
EE;\N;working;11
PK;pa;dvd;1
SUHH;ro;festival;1
NO;en;dvd;1
CZ;hr;imdbDisplay;1
BF;\N;working;1
ES;ca;\N;1396
DE;\N;working;2148
IN;mr;\N;41
XWG;\N;dvd;14
CA;\N;imdbDisplay;9
PF;\N;\N;25
UY;\N;alternative;71
US;en;tv;3
PK;ur;\N;185
XEU;\N;alternative;60
TW;\N;working;60
GU;\N;\N;55
PK;ur;imdbDisplay;6
SUHH;hy;working;2
PH;es;imdbDisplay;5
PK;en;working;2
SE;\N;working;298
SUHH;uk;\N;51
GR;\N;video;4177
TR;tr;alternative;2695
GB;gd;\N;4
PH;tl;alternative;180
LU;fr;dvd;2
SI;sl;imdbDisplay;3
PT;pt;working;1
TN;fr;video;1
UA;\N;imdbDisplay;13501
VE;\N;imdbDisplay;1052
ES;ca;tv;54
AU;\N;festival;120
SUHH;lv;imdbDisplay;12
ZA;af;alternative;48
BE;qbn;working;18
XAS;en;tv;4
XWW;it;imdbDisplay;2
SUHH;uz;alternative;1
UA;\N;dvd;1
DK;da;original;1
XWG;\N;\N;38115
SI;\N;\N;2114
LU;fr;imdbDisplay;86
BY;\N;\N;390
SR;\N;\N;25
NZ;en;dvd;6
PK;pa;\N;48
NZ;en;tv;1
SK;\N;festival;98
LR;\N;\N;18
CZ;\N;alternative;302
XWW;en;working;1212
XWW;\N;\N;410
XWW;fr;imdbDisplay;4
SUHH;uz;\N;1
BR;pt;working;1
SUHH;uz;imdbDisplay;5
JP;en;festival;117
NO;\N;dvd;107
BE;fr;dvd;24
TH;en;imdbDisplay;121
CH;fr;video;3
XWW;cmn;imdbDisplay;9
JP;ja;original;1
VN;\N;working;10
EC;\N;festival;3
DE;de;working;4
PW;\N;\N;1
US;en;\N;1685
GR;\N;dvd;4238
CO;\N;\N;4074
CZ;\N;dvd;74
KR;\N;alternative;317
CM;fr;imdbDisplay;56
IT;it;alternative;4
BW;\N;\N;18
KR;ko;imdbDisplay;1
\N;\N;working;11763
UA;\N;alternative;387
PT;\N;working;119
VDVN;\N;\N;36
PH;en;video;8
CM;\N;\N;136
XWW;en;original;3
SC;\N;\N;6
KR;\N;festival;23
RU;\N;alternativeworking;1
AT;de;\N;13
CN;cmn;original;1
XSA;es;working;1
BG;bg;alternative;173
IE;en;imdbDisplay;3795
FR;fr;\N;2780681
SV;\N;tv;1
ZA;en;working;19
GR;\N;alternative;1246
PL;\N;tv;261
BE;\N;alternative;45
NZ;mi;alternative;2
NL;nl;imdbDisplay;290
CA;fr;video;164
EG;en;imdbDisplay;69
TR;tr;imdbDisplayworking;28
AU;\N;dvd;583
CR;\N;\N;526
DZ;ar;alternative;18
XYU;mk;working;1
LV;lv;\N;1
XWW;sr;\N;1
FR;\N;alternative;4036
CH;\N;\N;8346
GR;el;imdbDisplay;26
YUCS;qbo;\N;5
SI;\N;working;23
ES;gl;tv;7
BJ;\N;\N;22
DDDE;\N;video;1
SK;sk;imdbDisplay;3
XWW;vi;imdbDisplay;1
IL;en;tv;1
GB;\N;\N;213757
CA;en;working;575
CL;\N;imdbDisplay;3598
EG;ar;alternative;30
EG;en;\N;85
CR;\N;alternative;14
SUHH;ru;festivalimdbDisplay;1
AF;prs;alternative;1
CSHH;\N;imdbDisplay;580
AR;\N;tv;95
JP;ja;dvd;288
RS;\N;alternative;484
TH;en;alternative;53
PY;es;\N;12
SUHH;lv;\N;14
JM;\N;\N;253
ID;en;video;3
LT;lt;\N;2
LV;\N;festival;4
US;\N;dvdworking;1
CN;yue;video;1
AT;en;imdbDisplay;1
NO;\N;alternative;801
BR;\N;tv;488
IT;\N;festival;190
CSHH;\N;working;101
TM;\N;imdbDisplay;9
MX;\N;festival;53
SN;wo;\N;1
ZA;st;alternative;1
XYU;sl;imdbDisplay;804
AR;\N;video;771
ES;es;\N;2780633
MY;en;\N;90
NI;\N;\N;100
US;\N;dvdvideo;1
AM;hy;\N;1
CL;\N;alternative;87
KH;\N;\N;239
MX;es;\N;24
GB;en;video;1
IL;yi;imdbDisplay;1
TH;en;festival;1
BE;nl;\N;81
SE;\N;festival;353
CN;\N;\N;11561
SUHH;ru;working;48
XYU;sr;alternative;29
BA;bs;imdbDisplay;266
SE;en;imdbDisplay;6
KR;\N;video;17
SE;sv;\N;5
PE;es;imdbDisplay;5
PK;ps;\N;5
IN;kn;alternative;11
AL;\N;dvd;6
PH;\N;alternative;1
CA;la;alternative;1
DM;\N;\N;15
LB;ar;dvd;1
ES;qbp;festival;1
BA;bs;festival;1
PA;\N;imdbDisplay;246
DE;de;\N;2780648
ES;es;imdbDisplay;49
ZA;af;imdbDisplay;18
XAS;en;video;9
US;en;dvd;6
XYU;sr;festival;2
MP;\N;\N;3
PE;\N;festival;1
DK;\N;imdbDisplay;21419
IL;he;\N;1079
AR;es;imdbDisplay;21
BR;en;imdbDisplay;4
CN;yue;working;3
NC;\N;\N;12
BUMM;\N;\N;45
BE;qbn;video;23
SK;\N;dvd;8
UZ;uz;imdbDisplay;1
CD;\N;\N;59
JP;en;video;133
XYU;hr;festival;1
IS;\N;festival;4
SZ;\N;\N;22
ZA;tn;\N;1
PT;\N;alternative;394
CU;\N;imdbDisplay;86
US;\N;festival;1031
XWG;\N;festival;43
SO;\N;\N;13
AF;en;imdbDisplay;2
CH;fr;dvd;3
PK;ur;working;4
ER;\N;\N;9
SUHH;az;\N;1
DE;en;working;1
XWW;ca;original;1
SUHH;\N;\N;1905
FR;qal;alternative;2
CG;\N;\N;40
PT;pt;alternative;1
MV;\N;\N;49
NG;en;alternative;7
SUHH;lt;working;1
TT;\N;\N;261
NL;\N;festival;67
PT;\N;imdbDisplay;30603
HK;en;\N;6609
XWG;de;\N;8
FI;fi;video;1
CO;\N;tv;2
IS;\N;tv;5
MX;\N;\N;50439
IE;en;\N;120
BA;hr;imdbDisplay;298
BG;bg;tv;4
ID;id;alternative;39
MK;mk;imdbDisplay;1
ES;en;imdbDisplay;3
CO;\N;festival;15
BD;en;working;2
TR;it;working;1
DE;fro;imdbDisplay;1
PR;es;\N;1
IR;fa;imdbDisplay;2073
TJ;\N;\N;40
MN;\N;alternative;8
PT;\N;video;211
ES;gl;alternative;8
XWG;de;tv;1
PK;\N;\N;2620
MW;\N;working;1
IN;hi;festival;1
NL;\N;imdbDisplay;3651
PT;pt;\N;2780602
CH;it;alternative;16
KW;\N;\N;280
SUHH;kk;alternative;1
ES;es;working;2
GB;\N;alternative;2806
CH;fr;imdbDisplay;196
IL;he;imdbDisplay;5845
PL;\N;video;96
BA;hr;alternative;24
SD;\N;\N;64
IN;ml;working;21
DE;\N;festival;378
BO;\N;imdbDisplay;90
BE;\N;imdbDisplay;192
PH;en;alternative;166
ID;en;imdbDisplay;66
RU;ru;imdbDisplay;31
BD;\N;\N;2024
XAS;en;dvd;5
RU;ru;\N;7
DZ;fr;working;2
AU;fr;working;1
HR;\N;\N;3528
DZ;ar;imdbDisplay;12
SK;\N;working;15
NZ;en;imdbDisplay;2814
UY;\N;video;43
IN;ur;\N;52
US;\N;original;5
MK;\N;imdbDisplay;141
GH;\N;\N;332
LY;\N;\N;48
MY;cmn;imdbDisplay;611
XWW;la;alternative;6
IN;en;imdbDisplay;28800
CH;de;working;41
ES;eu;\N;30
TR;tr;festivalimdbDisplay;68
TZ;\N;\N;129
RU;\N;tv;7
KN;\N;\N;2
AT;\N;imdbDisplay;4081
RO;\N;working;87
BE;nl;video;1
CH;de;video;5
CN;cmn;dvd;11
AZ;\N;alternative;13
BZ;\N;\N;28
FR;qal;imdbDisplay;1
IN;te;dvd;1
IN;kn;working;3
MN;mn;imdbDisplay;4
TV;\N;\N;1
ZA;xh;\N;2
SUHH;az;working;2
MA;fr;festival;2
BE;en;imdbDisplay;135
LT;lt;imdbDisplay;6
CU;\N;working;4
VN;\N;alternative;51
MD;\N;video;2
BH;\N;\N;111
QA;\N;\N;356
BG;bg;working;2
EE;\N;\N;2503
BG;bg;\N;261
MX;es;imdbDisplay;17
CN;cmn;alternative;341
CH;en;imdbDisplay;42
BO;\N;tv;1
DE;de;dvd;2
SD;ar;imdbDisplay;1
SUHH;ru;\N;920
SG;\N;\N;2124
TR;tr;imdbDisplayvideo;27
MA;fr;imdbDisplay;64
CA;fr;dvd;76
IN;ta;dvd;1
CN;yue;dvd;2
PT;\N;\N;22719
LB;ar;\N;39
ES;es;dvd;2
HK;yue;working;23
VN;\N;festival;58
PK;en;alternative;41
CN;en;imdbDisplay;15
CM;fr;\N;9
LU;fr;\N;31
IR;fa;\N;345
PH;tl;imdbDisplay;75
HK;en;dvd;53
FJ;\N;\N;34
TW;\N;imdbDisplay;13309
NO;\N;imdbDisplay;12052
NO;\N;video;198
IN;hi;alternative;249
XYU;mk;imdbDisplay;42
MK;\N;\N;454
TT;\N;working;1
TO;\N;\N;10
DDDE;en;\N;1
CA;iu;dvd;1
DE;\N;\N;96017
FR;\N;imdbDisplay;43173
GB;\N;working;1532
XWG;\N;imdbDisplay;7004
BE;de;\N;117
IE;\N;\N;8785
SUHH;tg;imdbDisplay;5
IN;mr;working;3
BA;hr;\N;22
MR;\N;\N;14
BE;en;festival;11
SG;ms;\N;2
YUCS;qbo;alternative;3
XEU;\N;\N;133
LB;\N;\N;1194
CA;en;dvd;107
GY;\N;\N;15
SV;\N;imdbDisplay;13
MY;ms;alternative;12
EG;en;dvd;1
BN;\N;\N;17
CN;\N;working;2
ES;ca;imdbDisplay;827
DE;\N;video;474
XWW;en;video;286
BE;en;tv;3
ZA;en;dvd;6
PH;en;festival;15
GF;\N;\N;2
XWW;en;\N;60016
PT;\N;festival;219
TR;tr;alternativetv;9
FR;fr;working;7
SUHH;ka;festival;2
ML;\N;\N;62
BT;\N;\N;50
XKO;\N;alternative;6
OM;\N;\N;29
ST;\N;\N;6
PH;es;alternative;6
SI;sk;imdbDisplay;1
AU;\N;imdbDisplay;27280
HK;en;working;194
ES;\N;festival;75
CO;\N;video;2
ID;en;alternative;99
CN;zh;imdbDisplay;2
XSA;es;dvd;1
PY;es;alternative;3
LB;ar;festival;1
EG;\N;\N;4308
IT;\N;video;381
MY;en;imdbDisplay;105
SN;fr;imdbDisplay;33
CU;\N;festival;8
HU;hu;\N;3
UY;\N;working;6
DK;\N;alternative;741
BE;\N;\N;11832
EC;\N;imdbDisplay;67
HK;cmn;festival;5
BD;en;alternative;151
AU;en;imdbDisplay;4
IT;\N;tv;551
UA;\N;\N;2846
AR;es;\N;6
CN;cmn;imdbDisplay;4367
LU;fr;tv;3
CA;en;tv;32
ZA;en;alternative;83
CL;\N;video;39
LV;\N;working;10
US;en;working;118
BF;\N;festival;1
VG;\N;\N;9
US;en;imdbDisplay;282
BE;\N;tv;6
SG;cmn;alternative;17
ES;qbp;alternative;6
SUHH;lt;alternative;1
SUHH;uk;imdbDisplay;206
XWW;\N;alternative;134
IN;mr;video;1
\N;\N;alternativedvd;1
AE;en;imdbDisplay;1
US;yi;alternative;40
MD;\N;\N;124
HK;cmn;\N;1122
NE;\N;\N;52
IN;gu;working;1
BO;\N;working;1
ZA;zu;\N;5
DDDE;\N;tv;253
US;es;\N;239
BE;en;video;59
CH;en;dvd;3
TH;th;\N;97
KP;\N;\N;558
HK;\N;imdbDisplay;6
BD;bn;imdbDisplay;14
SUHH;lv;alternative;3
IL;ar;working;1
ZA;es;imdbDisplay;1
TN;fr;alternative;19
CA;qac;imdbDisplay;1
CN;yue;imdbDisplay;140
BA;\N;imdbDisplay;1
CN;\N;alternative;1
UZ;\N;tv;1
BE;qbn;alternative;75
SUHH;yi;\N;1
SI;\N;tv;27
PE;\N;alternative;41
MZ;\N;\N;98
LU;fr;alternative;4
HR;\N;working;15
XWW;\N;video;1
IL;en;dvd;2
HK;yue;festival;6
GB;\N;original;1
FI;\N;imdbDisplay;13144
PR;\N;\N;1382
US;\N;tvworking;4
SG;en;\N;296
DJ;\N;\N;2
DZ;ar;tv;1
TR;tr;alternativefestival;2
CI;\N;imdbDisplay;3
XWW;hu;\N;1
RS;\N;imdbDisplay;15934
IT;\N;alternative;1618
AT;\N;alternative;367
IR;fa;alternative;129
CN;yue;alternative;24
US;en;original;3
HR;\N;imdbDisplay;6765
BR;pt;imdbDisplay;22
DE;de;tv;1
CSHH;sk;\N;71
TR;tr;dvd;184
HK;cmn;alternative;335
NG;\N;\N;4685
JO;\N;\N;312
US;es;video;6
PH;tl;video;5
ME;\N;imdbDisplay;1
MX;\N;dvd;224
SUHH;uk;alternative;28
IL;he;working;25
DE;\N;tvvideo;1
NL;nl;tv;4
DE;en;dvd;1
ZA;zu;alternative;4
JP;ja;tv;18
TN;ar;\N;133
FI;sv;dvd;11
ES;ca;festival;4
EC;es;imdbDisplay;1
BR;\N;\N;35841
GR;\N;\N;41585
CZ;cs;\N;1
AU;en;\N;1330
HK;en;video;58
VN;\N;video;3
RU;\N;working;161
MD;\N;festival;2
CZ;en;working;1
XSA;\N;\N;1
GE;\N;alternative;26
SUHH;ka;alternative;3
HK;yue;imdbDisplay;1636
TW;\N;\N;4361
VE;\N;tv;17
SG;cmn;\N;53
NL;nl;video;18
MC;\N;imdbDisplay;38
IS;\N;working;12
MN;\N;\N;201
MK;\N;alternative;8
ID;en;dvd;2
XWW;es;festival;46
JP;jv;\N;1
ES;gl;working;2
CSHH;cs;\N;409
NL;nl;\N;286
PL;\N;alternative;1240
DE;de;festival;2
IL;\N;imdbDisplay;4
AL;\N;tv;42
SUHH;ro;\N;3
\N;\N;imdbDisplayworking;2
AM;\N;festival;1
SUHH;ru;imdbDisplay;26303
HR;\N;dvd;25
LT;\N;\N;883
BO;\N;video;2
XSA;es;video;2
PH;la;alternative;3
TH;th;dvd;1
FR;br;\N;1
MN;\N;working;2
KR;\N;working;69
MA;ar;imdbDisplay;18
AZ;\N;working;3
IR;\N;imdbDisplay;2
LB;fr;alternative;4
KW;\N;alternative;1
HU;\N;dvd;66
UZ;\N;imdbDisplay;14
BE;en;dvd;16
NG;en;imdbDisplay;16
XYU;\N;\N;7613
SG;cmn;imdbDisplay;640
TN;ar;imdbDisplay;32
IE;en;video;1
AZ;\N;festival;1
CH;rm;\N;1
AL;\N;festival;2
FR;\N;tv;1913
ES;\N;video;672
US;es;alternative;46
ES;qbp;tv;27
IN;te;\N;294
SN;\N;\N;194
JP;ja;working;20
KZ;\N;\N;452
GQ;\N;\N;7
BE;qbn;tv;91
AL;\N;alternative;84
AM;\N;\N;550
GP;\N;\N;98
BT;\N;working;1
XAS;cmn;\N;2
US;\N;video;2177
AR;\N;alternative;410
XYU;hr;alternative;10
AT;\N;dvd;40
RS;\N;working;67
US;hi;imdbDisplay;1
LK;\N;video;1
XWW;\N;working;38
KR;en;working;1
HK;zh;imdbDisplay;1
JP;\N;festival;108
LV;\N;\N;733
AM;\N;imdbDisplay;26
IS;\N;video;6
MY;cmn;\N;32
IR;fa;tv;3
XWW;pt;\N;1
US;\N;tv;1093
RU;\N;alternative;923
CH;fr;\N;232
IN;ta;alternative;69
XEU;en;video;61
ZW;\N;\N;109
UA;\N;tv;7
LK;\N;alternative;37
JE;en;\N;1
TC;\N;\N;1
IT;\N;imdbDisplay;31775
PL;\N;\N;16592
AU;\N;alternative;743
DDDE;\N;\N;6715
IQ;\N;\N;347
SE;sv;imdbDisplay;11
XEU;en;alternative;301
IN;hi;imdbDisplay;6035
ZA;en;imdbDisplay;289
CH;it;imdbDisplay;47
LI;\N;\N;511
RS;\N;dvd;11
XSA;es;festival;3
EE;et;imdbDisplay;2
AT;\N;\N;21570
DK;\N;tv;308
TR;tr;festival;87
IL;he;tv;6
BE;fr;festival;5
BY;\N;working;1
US;en;festival;5
CL;\N;dvd;41
SV;\N;\N;99
LT;\N;video;2
LV;\N;video;2
IE;ga;alternative;12
IT;en;imdbDisplay;3
TH;th;working;7
HU;hu;working;2
CN;en;working;1
AT;\N;video;11
IE;en;working;25
PH;la;\N;2
AT;en;working;1
KR;ko;\N;2
LT;en;\N;1
ES;\N;imdbDisplay;47106
DE;de;imdbDisplay;47
KR;en;\N;5
EG;ar;imdbDisplay;207
PA;\N;alternative;29
CU;\N;alternative;20
UY;\N;tv;68
ES;qbp;video;1
VE;\N;working;10
XAS;cmn;imdbDisplay;8
SI;en;\N;2
NR;\N;\N;1
ZA;tn;imdbDisplay;1
ID;id;\N;147
BE;\N;video;4
IR;fa;festival;2
IE;ga;\N;20
TW;en;\N;7
TR;en;\N;1
CSHH;\N;alternative;16
NZ;\N;\N;6102
MZ;pt;imdbDisplay;3
NL;\N;video;175
SK;\N;\N;1400
LK;\N;\N;1182
RS;\N;festival;29
AU;en;working;4
MS;\N;\N;3
RO;\N;imdbDisplay;16089
CA;en;\N;2863
PL;\N;dvd;60
TR;tr;imdbDisplaytv;76
EG;ar;\N;249
XWW;la;imdbDisplay;43
MX;\N;video;216
TR;tr;video;26
XYU;\N;imdbDisplay;1
YUCS;sr;imdbDisplay;11
US;yi;working;2
HR;en;imdbDisplay;1
BR;\N;dvd;505
SUHH;ka;video;1
SI;\N;video;15
HK;yue;video;7
RO;ro;imdbDisplay;9
HR;\N;festival;42
RU;en;alternative;1
LC;\N;\N;11
DE;\N;imdbDisplay;37679
BE;qbn;\N;2861
AL;\N;imdbDisplay;311
SE;\N;dvd;354
CH;it;\N;23
DZ;ar;\N;27
MY;ms;\N;124
CSHH;cs;tv;11
GT;\N;imdbDisplay;32
RO;\N;tv;21
PK;en;imdbDisplay;47
BI;\N;\N;50
TW;en;alternative;2
CH;it;tv;7
IQ;ku;imdbDisplay;1
AL;\N;working;1
HT;\N;\N;155
IL;en;imdbDisplay;206
IN;bn;alternative;16
SG;en;tv;1
BG;bg;imdbDisplay;22976
HK;en;festival;184
CN;cmn;video;27
HK;cmn;dvd;3
TW;vi;\N;2
FI;sv;imdbDisplay;5574
XWW;en;festival;1764
DDDE;\N;alternative;238
TR;tr;alternativeworking;5
LB;ar;alternative;16
MX;\N;imdbDisplay;23194
XEU;\N;imdbDisplay;69
SUHH;kk;\N;12
IN;kn;imdbDisplay;54
NZ;en;festival;47
FI;fi;tv;1
XSI;\N;\N;7
XPI;\N;\N;24
AR;\N;dvd;584
AF;\N;\N;221
BA;\N;\N;1006
MY;en;festival;3
CN;zh;\N;1
LA;lo;imdbDisplay;1
ZA;xh;imdbDisplay;3
\N;\N;imdbDisplay;1674
XKO;\N;\N;126
SUHH;kk;imdbDisplay;15
SUHH;az;alternative;6
GB;gd;alternative;1
BG;bg;video;1
\N;\N;festivalworking;1
US;yi;\N;18
NL;\N;working;148
GL;\N;\N;34
BE;de;alternative;3
PH;es;working;3
XWW;la;festival;1
ES;qbp;dvd;17
CA;en;video;83
BE;nl;dvd;1
MY;cmn;alternative;8
TG;\N;\N;47
HU;hu;imdbDisplay;20
CSHH;sk;tv;1
MO;\N;\N;94
BR;pt;alternative;1
FR;\N;\N;135827
IT;\N;\N;70913
CM;fr;alternative;3
FI;en;imdbDisplay;1
BO;\N;festival;1
AS;\N;\N;5
WS;\N;\N;3
UZ;\N;alternative;2
DK;\N;video;225
MC;\N;\N;78
IL;he;dvd;1
GB;gd;imdbDisplay;4
NP;\N;alternative;3
FI;fi;working;3
NP;\N;festival;1
VE;\N;\N;7651
HK;yue;alternative;86
GB;cy;\N;25
TR;tr;alternativedvd;5
IN;ur;imdbDisplay;40
XWW;de;working;2
ES;es;alternative;7
IN;ta;\N;313
XYU;sl;\N;13
CH;fr;alternative;96
CA;fr;festival;35
GR;el;\N;6
IN;hi;tv;2
AZ;\N;tv;1
LB;\N;working;1
XWW;el;imdbDisplay;1
HK;yue;original;1
BR;\N;video;579
SUHH;be;imdbDisplay;5
AT;\N;festival;15
AW;\N;\N;29
TW;cmn;\N;1
SE;\N;\N;33486
GR;\N;tv;1856
BA;bs;alternative;6
CN;cmn;\N;870
GN;\N;\N;31
MY;ms;working;5
CH;de;festival;5
XKO;\N;festival;1
MH;\N;\N;10
BY;\N;alternative;4
EE;\N;festival;113
LS;\N;\N;14
XWG;de;video;1
XKO;\N;working;1
MK;\N;festival;2
AM;hy;imdbDisplay;1
FI;\N;tv;2242
XYU;rn;\N;1
PE;\N;working;5
XWW;es;dvd;4
IN;hi;video;3
KZ;\N;alternative;9
ET;am;imdbDisplay;1
PK;pa;alternative;1
FI;\N;festival;178
JP;en;\N;2819
AO;\N;\N;106
CL;es;imdbDisplay;6
IN;te;working;14
XKV;\N;\N;257
YE;en;dvd;1
DK;\N;\N;26570
XWG;\N;tv;1053
ID;id;imdbDisplay;75
FR;en;alternative;1
LT;\N;tv;3
RU;\N;imdbDisplayworking;2
EG;en;working;6
MM;\N;\N;145
BY;\N;festival;1
XAU;\N;\N;1
SG;\N;alternative;1
MC;\N;working;2
GB;en;\N;685
AU;\N;\N;59481
IS;\N;\N;1590
IR;\N;\N;7243
XYU;sl;tv;1
BE;en;working;10
IN;\N;working;4
VA;\N;\N;8
DE;en;imdbDisplay;5
MC;\N;festival;3
\N;\N;original;522493
XEU;en;\N;2811
CSHH;\N;\N;6202
NL;\N;alternative;473
DK;\N;festival;23
TH;en;dvd;6
NO;\N;festival;29
IL;en;working;22
GT;\N;\N;220
NL;nqo;imdbDisplay;1
ZA;af;dvd;1
CZ;\N;imdbDisplay;6205
LT;\N;imdbDisplay;7593
DE;\N;tv;2633
FI;\N;working;799
AU;\N;video;332
US;\N;festivalworking;1
ES;eu;alternative;9
BR;\N;alternative;2323
CA;fr;imdbDisplay;25105
ES;qbp;\N;182
EE;\N;alternative;50
DO;\N;alternative;87
MN;\N;imdbDisplay;29
JP;en;dvd;259
AR;es;dvd;1
ZA;en;tv;5
MA;ar;\N;11
GE;\N;dvd;2
NL;nl;working;17
ZA;xh;alternative;1
XWW;en;imdbDisplay;59145
SE;\N;imdbDisplay;16511
FR;\N;video;1617
FR;\N;festival;654
CH;gsw;\N;24
XYU;sr;tv;10
PA;\N;\N;309
MK;\N;working;11
RO;\N;festival;23
ID;id;working;10
IN;en;festival;10
IT;en;\N;2
AU;\N;tv;508
PL;pl;imdbDisplay;12
IE;ga;imdbDisplay;23
EG;ar;festival;1
IN;gu;imdbDisplay;47
TM;\N;tv;3
XWG;de;alternative;1
YE;\N;\N;31
PH;en;tv;1
ES;\N;\N;67239
BE;nl;alternative;30
HU;\N;alternative;901
PA;\N;tv;1
JP;ja;festival;70
AM;\N;working;5
MY;en;video;1
PE;\N;dvd;2
LU;fr;working;5
MY;cmn;working;3
BF;\N;imdbDisplay;32
GE;\N;\N;830
UY;\N;dvd;33
BA;bs;working;4
XKO;\N;video;1
MA;fr;alternative;5
MA;fr;working;3
IE;en;tv;2
KP;\N;imdbDisplay;14
RU;\N;\N;8095
US;es;dvd;4
SUHH;ro;imdbDisplay;4
RW;\N;\N;61
PS;\N;\N;212
CG;fr;imdbDisplay;32
PR;\N;working;7
BD;en;\N;11
RS;sr;\N;1
ID;en;festival;1
\N;\N;video;96
BG;\N;alternative;1
GB;gd;video;1
IN;bn;working;7
PH;la;imdbDisplay;3
ID;en;working;4
CN;yue;festival;2
SUHH;ro;alternative;1
TH;th;imdbDisplay;207
ID;\N;\N;3339
SN;fr;\N;15
SI;\N;festival;26
PK;sd;\N;3
TH;en;working;9
JM;en;alternative;8
SUHH;ky;imdbDisplay;1
CA;hi;imdbDisplay;1
XWW;es;imdbDisplay;365
JP;ja;\N;2783532
CH;de;tv;30
FR;en;imdbDisplay;5
AI;\N;\N;5
PE;en;working;1
SK;\N;imdbDisplay;4153
XWW;en;dvd;392
GE;\N;imdbDisplay;378
CH;fr;working;10
\N;\N;festival;42
IN;te;imdbDisplay;88
BF;\N;\N;171
LB;ar;imdbDisplay;27
LB;fr;working;1
GE;ka;imdbDisplay;2
MX;\N;tv;50
SE;\N;video;2131
AT;\N;tv;116
GB;\N;festival;129
TD;\N;\N;21
CH;gsw;video;1
SG;en;working;8
RU;yi;\N;1
VN;\N;dvd;2
IL;en;festival;1
XWW;\N;tv;1
IR;fa;video;1
CZ;cs;imdbDisplay;10
XYU;sr;working;26
XYU;mk;\N;8
VN;\N;\N;540
BG;\N;\N;1362
SL;\N;\N;29
GT;\N;alternative;6
LT;\N;dvd;2
TR;ku;imdbDisplay;1
UY;\N;\N;5319
RO;\N;\N;6207
IT;\N;working;674
DO;\N;\N;1926
SI;\N;dvd;20
CF;\N;\N;7
CO;es;\N;5
IS;\N;imdbDisplay;309
ES;eu;imdbDisplay;37
MA;\N;\N;761
RS;sr;imdbDisplay;12
SUHH;et;\N;5
PR;\N;video;1
PK;en;\N;25
PA;\N;video;1
CN;cmn;working;127
XWW;pl;alternative;1
BE;fr;imdbDisplay;2711
CSHH;\N;festival;3
NL;nl;alternative;124
PL;\N;festival;289
PH;\N;\N;16021
FI;sv;video;5
CG;fr;\N;2
BF;bg;imdbDisplay;1
LV;\N;alternative;22
FO;\N;\N;63
GM;\N;\N;9
NG;en;tv;4
AR;\N;imdbDisplay;13916
FI;fi;imdbDisplay;8
GB;en;tv;1
XEU;en;tv;7
GB;cy;imdbDisplay;7
KP;\N;alternative;17
BA;sr;\N;1
LV;\N;imdbDisplay;3324
ES;\N;tv;482
BE;nl;imdbDisplay;86
TM;\N;\N;14
DZ;fr;festival;1
IN;hi;\N;2781877
US;fr;imdbDisplay;1
JM;en;imdbDisplay;31
CH;it;festival;6
XWW;\N;dvd;119
RU;\N;festival;12
PH;\N;imdbDisplay;1
US;\N;dvd;2506
KR;\N;imdbDisplay;449
CA;fr;tv;211
DDDE;\N;working;96
CSHH;sk;alternative;3
ZM;\N;\N;44
MY;en;dvd;5
NG;en;\N;115
GD;\N;\N;4
NZ;en;video;6
XEU;\N;dvd;12
ES;en;video;1
CSHH;cs;dvd;1
NO;no;imdbDisplay;7
UG;\N;\N;247
BD;bn;working;1
BY;\N;imdbDisplay;100
AZ;\N;\N;344
GE;\N;working;10
DZ;ar;working;3
EC;\N;working;3
SG;ms;alternative;1
BO;es;imdbDisplay;1
KI;\N;\N;2
LK;\N;working;1
GB;\N;tvvideo;1
RO;\N;video;2
EE;\N;video;3
HK;\N;alternative;1
CN;en;alternative;1
IR;ps;imdbDisplay;1
AL;\N;\N;1440
EC;\N;video;2
IL;en;alternative;19
LT;\N;working;2
VI;\N;\N;102
EG;ar;dvd;1
GB;en;imdbDisplay;63
MY;en;alternative;49
SY;\N;\N;396
HU;\N;festival;125
AD;\N;\N;43
\N;\N;\N;50413
SUHH;et;imdbDisplay;11
BS;\N;\N;116
\N;\N;dvdvideo;1
CSHH;cs;working;9
BR;es;\N;1
NZ;mi;imdbDisplay;2
GR;\N;imdbDisplay;24308
FI;sv;alternative;483
JP;\N;alternative;1589
PT;\N;dvd;94
CL;\N;working;28
BM;\N;\N;31
JM;en;\N;28
TN;\N;\N;536
NL;nl;dvd;16
XYU;hr;working;2
XNA;en;alternative;1
IE;\N;working;2
BE;fr;tv;59
IR;fa;dvd;2
FR;qal;\N;9
IT;it;working;5
SUHH;\N;imdbDisplay;2
XSA;es;\N;30
TN;fr;\N;37
BG;\N;imdbDisplay;2
IL;ar;imdbDisplay;51
IL;he;video;1
FR;qal;working;1
IN;hi;dvd;2
FI;\N;\N;44800
NL;\N;dvd;616
IT;it;imdbDisplay;40
BJ;fr;\N;3
XYU;hr;tv;3
DK;da;imdbDisplay;10
SN;fr;alternative;2
ZA;xh;tv;1
AZ;az;imdbDisplay;2
BA;\N;working;2
PY;es;working;1
